stop_id,stop_name,stop_id2,stop_lat,stop_lon, ,rider_id,rider_name,Borough,Rides2019,Rides2020,Linked,check_link,link,node_link
101,Van Cortlandt Park-242 St,101,40.889248,-73.898583,,62,Van Cortlandt Park-242 St (1),Bx,2189109,980836,1,101,,101
103,238 St,103,40.884667,-73.90087,,17,238 St (1),Bx,1204095,588199,1,103,,103
104,231 St,104,40.878856,-73.904834,,15,231 St (1),Bx,2919305,1289691,1,104,,104
106,Marble Hill-225 St,106,40.874561,-73.909831,,334,Marble Hill-225 St (1),M,1561844,754010,1,106,,106
107,215 St,107,40.869444,-73.915279,,261,215 St (1),M,527505,212402,1,107,,107
108,207 St,108,40.864621,-73.918822,,260,207 St (1),M,1853146,892067,1,108,,108
109,Dyckman St,109,40.860531,-73.925536,,321,Dyckman St (1),M,2079656,1055222,2,LINK,LINK_109,LINK_109
110,191 St,110,40.855225,-73.929412,,258,191 St (1),M,2333160,453577,1,110,,110
111,181 St,111,40.849505,-73.933596,,255,181 St (1),M,3523536,1682772,2,LINK,LINK_111,LINK_111
112,168 St-Washington Hts,112,40.840556,-73.940133,,252,"168 St (A,C,1)",M,6156288,3265733,2,LINK,LINK_112,LINK_112
113,157 St,113,40.834041,-73.94489,,250,157 St (1),M,3739786,1414356,1,113,,113
114,145 St,114,40.826551,-73.95036,,245,145 St (1),M,2936613,1264852,1,114,,114
115,137 St-City College,115,40.822008,-73.953676,,241,137 St-City College (1),M,3874783,1717440,1,115,,115
116,125 St,116,40.815581,-73.958372,,235,125 St (1),M,2368025,967478,1,116,,116
117,116 St-Columbia University,117,40.807722,-73.96411,,234,116 St-Columbia University (1),M,4380469,1316284,1,117,,117
118,Cathedral Pkwy (110 St),118,40.803967,-73.966847,,313,Cathedral Pkwy-110 St (1),M,3703893,1433586,1,118,,118
119,103 St,119,40.799446,-73.968379,,227,103 St (1),M,3766055,1470254,1,119,,119
120,96 St,120,40.793919,-73.972323,,300,"96 St (1,2,3)",M,11628887,4293386,1,120,,120
121,86 St,121,40.788644,-73.976218,,296,86 St (1),M,5659795,2076862,1,121,,121
122,79 St,122,40.783934,-73.979917,,293,79 St (1),M,4745863,1678293,1,122,,122
123,72 St,123,40.778453,-73.98197,,289,"72 St (1,2,3)",M,12379560,4498641,1,123,,123
124,66 St-Lincoln Center,124,40.77344,-73.982209,,286,66 St-Lincoln Center (1),M,7068256,2141714,1,124,,124
125,59 St-Columbus Circle,125,40.768247,-73.981929,,285,"59 St-Columbus Circle (A,B,C,D,1)",M,23040650,7618925,2,LINK,LINK_125,LINK_125
126,50 St,126,40.761728,-73.983849,,281,50 St (1),M,8134360,2213137,1,126,,126
127,Times Sq-42 St,127,40.75529,-73.987495,,342,"Times Sq-42 St (N,Q,R,W,S,1,2,3,7)/42 St (A,C,E)",M,65020294,20341240,5,LINK,LINK_127,LINK_127
128,34 St-Penn Station,128,40.750373,-73.991057,,274,"34 St-Penn Station (1,2,3)",M,25967676,8103809,1,128,,128
129,28 St,129,40.747215,-73.993365,,267,28 St (1),M,4493352,1367598,1,129,,129
130,23 St,130,40.744081,-73.995657,,262,23 St (1),M,4627755,1566363,1,130,,130
131,18 St,131,40.74104,-73.997871,,254,18 St (1),M,2649616,803924,1,131,,131
132,14 St,132,40.737826,-74.000201,,243,"14 St (F,M,1,2,3)/6 Av (L)",M,14736035,5057029,3,LINK,LINK_132,LINK_132
133,Christopher St-Sheridan Sq,133,40.733422,-74.002906,,318,Christopher St-Sheridan Sq (1),M,3412332,1067635,1,133,,133
134,Houston St,134,40.728251,-74.005367,,329,Houston St (1),M,4496793,1378640,1,134,,134
135,Canal St,135,40.722854,-74.006277,,310,Canal St (1),M,1984827,560302,1,135,,135
136,Franklin St,136,40.719318,-74.006886,,324,Franklin St (1),M,1567005,501136,1,136,,136
137,Chambers St,137,40.715478,-74.009266,,316,"Chambers St (1,2,3)",M,5941546,1781685,1,137,,137
138,WTC Cortlandt,138,40.711835,-74.012188,,346,WTC Cortlandt (1),M,4232521,1138815,1,138,,138
139,Rector St,139,40.707513,-74.013783,,336,Rector St (1),M,2554523,708206,1,139,,139
142,South Ferry,142,40.702068,-74.013664,,339,"South Ferry (1)/Whitehall St (R,W)",M,10272682,3065053,2,LINK,LINK_142,LINK_142
201,Wakefield-241 St,201,40.903125,-73.85062,,63,Wakefield-241 St (2),Bx,1404748,711029,1,201,,201
204,Nereid Av,204,40.898379,-73.854376,,52,"Nereid Av (2,5)",Bx,1006617,470230,1,204,,204
205,233 St,205,40.893193,-73.857473,,16,"233 St (2,5)",Bx,1445532,721495,1,205,,205
206,225 St,206,40.888022,-73.860341,,14,"225 St (2,5)",Bx,1187486,549296,1,206,,206
207,219 St,207,40.883895,-73.862633,,13,"219 St (2,5)",Bx,979390,457388,1,207,,207
208,Gun Hill Rd,208,40.87785,-73.866256,,39,"Gun Hill Rd (2,5)",Bx,2271942,1012373,2,LINK,LINK_208,LINK_208
209,Burke Av,209,40.871356,-73.867164,,27,"Burke Av (2,5)",Bx,1000896,480152,1,209,,209
210,Allerton Av,210,40.865462,-73.867352,,20,"Allerton Av (2,5)",Bx,1614464,760068,1,210,,210
211,Pelham Pkwy,211,40.857192,-73.867615,,56,"Pelham Pkwy (2,5)",Bx,2651208,1222206,2,LINK,LINK_211,LINK_211
212,Bronx Park East,212,40.848828,-73.868457,,24,"Bronx Park East (2,5)",Bx,769303,354016,1,212,,212
213,E 180 St,213,40.841894,-73.873488,,33,"East 180 St (2,5)",Bx,2211198,1142139,1,213,,213
214,West Farms Sq-E Tremont Av,214,40.840295,-73.880049,,64,"West Farms Sq-East Tremont Av (2,5)",Bx,2104945,947252,1,214,,214
215,174 St,215,40.837288,-73.887734,,8,"174 St (2,5)",Bx,2057118,953564,1,215,,215
216,Freeman St,216,40.829993,-73.891865,,38,"Freeman St (2,5)",Bx,1358821,642087,1,216,,216
217,Simpson St,217,40.824073,-73.893064,,59,"Simpson St (2,5)",Bx,2602749,1230833,1,217,,217
218,Intervale Av,218,40.822181,-73.896736,,42,"Intervale Av (2,5)",Bx,964689,472958,1,218,,218
219,Prospect Av,219,40.819585,-73.90177,,58,"Prospect Av (2,5)",Bx,2148059,1021781,1,219,,219
220,Jackson Av,220,40.81649,-73.907807,,43,"Jackson Av (2,5)",Bx,1584727,740308,1,220,,220
221,3 Av-149 St,221,40.816109,-73.917757,,19,"3 Av-149 St (2,5)",Bx,6768255,3166766,1,221,,221
222,149 St-Grand Concourse,222,40.81841,-73.926718,,2,"149 St-Grand Concourse (2,4,5)",Bx,3931908,1815785,2,LINK,LINK_222,LINK_222
224,135 St,224,40.814229,-73.94077,,239,"135 St (2,3)",M,4268823,1867402,1,224,,224
225,125 St,225,40.807754,-73.945495,,236,"125 St (2,3)",M,4644262,1848803,1,225,,225
226,116 St,226,40.802098,-73.949625,,231,"116 St (2,3)",M,3345661,1375593,1,226,,226
227,Central Park North (110 St),227,40.799075,-73.951822,,315,"Central Park North-110 St (2,3)",M,2666985,1060348,1,227,,227
228,Park Place,228,40.713051,-74.008811,,317,"Chambers St (A,C)/WTC (E)/Park Pl (2,3)/Cortlandt (R,W)",M,20820549,5930847,4,LINK,LINK_317,LINK_317
229,Fulton St,229,40.709416,-74.006571,,325,"Fulton St (A,C,J,Z,2,3,4,5)",M,27715365,8855302,4,LINK,LINK_229,LINK_229
230,Wall St,230,40.706821,-74.0091,,343,"Wall St (2,3)",M,6910581,2029161,1,230,,230
231,Clark St,231,40.697466,-73.993086,,129,"Clark St (2,3)",B,1781419,589682,1,231,,231
232,Borough Hall,232,40.693219,-73.989998,,136,"Court St (R)/Borough Hall (2,3,4,5)",B,10135722,3356706,3,LINK,LINK_232,LINK_232
233,Hoyt St,233,40.690545,-73.985065,,165,"Hoyt St (2,3)",B,2293256,898643,1,233,,233
234,Nevins St,234,40.688246,-73.980492,,191,"Nevins St (2,3,4,5)",B,3150597,1189273,1,234,,234
235,Atlantic Av-Barclays Ctr,235,40.684359,-73.977666,,95,"Atlantic Av-Barclays Ctr (B,D,N,Q,R,2,3,4,5)",B,13939794,5474265,3,LINK,LINK_235,LINK_235
236,Bergen St,236,40.680829,-73.975098,,114,"Bergen St (2,3)",B,1208319,435520,1,236,,236
237,Grand Army Plaza,237,40.675235,-73.971046,,157,"Grand Army Plaza (2,3)",B,2295401,813305,1,237,,237
238,Eastern Pkwy-Brooklyn Museum,238,40.671987,-73.964375,,144,"Eastern Pkwy-Brooklyn Museum (2,3)",B,1338351,441688,1,238,,238
239,Franklin Av-Medgar Evers College,239,40.670682,-73.958131,,152,"Franklin Av (2,3,4,5)/Botanic Garden (S)",B,4999385,1849090,3,LINK,LINK_239,LINK_239
241,President St-Medgar Evers College,241,40.667883,-73.950683,,204,"President St (2,5)",B,1037219,443229,1,241,,241
242,Sterling St,242,40.662742,-73.95085,,214,"Sterling St (2,5)",B,1654809,745895,1,242,,242
243,Winthrop St,243,40.656652,-73.9502,,224,"Winthrop St (2,5)",B,1882065,974253,1,243,,243
244,Church Av,244,40.650843,-73.949575,,126,"Church Av (2,5)",B,2862033,1335645,1,244,,244
245,Beverly Rd,245,40.645098,-73.948959,,117,"Beverly Rd (2,5)",B,1284232,607427,1,245,,245
246,Newkirk Av-Little Haiti,246,40.639967,-73.948411,,195,"Newkirk Av (2,5)",B,2131839,1021789,1,246,,246
247,Flatbush Av-Brooklyn College,247,40.632836,-73.947642,,146,"Flatbush Av-Brooklyn College (2,5)",B,5684108,2404776,1,247,,247
248,Nostrand Av,248,40.669847,-73.950466,,198,Nostrand Av (3),B,1370372,512753,1,248,,248
249,Kingston Av,249,40.669399,-73.942161,,173,Kingston Av (3),B,1472802,620880,1,249,,249
250,Crown Hts-Utica Av,250,40.668897,-73.932942,,138,"Crown Heights-Utica Av (3,4)",B,7933008,3654953,1,250,,250
251,Sutter Av-Rutland Rd,251,40.664717,-73.92261,,216,Sutter Av-Rutland Rd (3),B,2019485,995590,1,251,,251
252,Saratoga Av,252,40.661453,-73.916327,,210,Saratoga Av (3),B,1556357,786160,1,252,,252
253,Rockaway Av,253,40.662549,-73.908946,,208,Rockaway Av (3),B,1451431,722986,1,253,,253
254,Junius St,254,40.663515,-73.902447,,169,Junius St (3),B,676092,346436,1,254,,254
255,Pennsylvania Av,255,40.664635,-73.894895,,203,Pennsylvania Av (3),B,1360708,662596,1,255,,255
256,Van Siclen Av,256,40.665449,-73.889395,,219,Van Siclen Av (3),B,853106,413650,1,256,,256
257,New Lots Av,257,40.666235,-73.884079,,192,New Lots Av (3),B,1643487,800943,1,257,,257
301,Harlem-148 St,301,40.82388,-73.93647,,328,Harlem-148 St (3),M,1120454,473937,1,301,,301
302,145 St,302,40.820421,-73.936245,,246,145 St (3),M,954825,438388,1,302,,302
401,Woodlawn,401,40.886037,-73.878751,,67,Woodlawn (4),Bx,2094285,949554,1,401,,401
402,Mosholu Pkwy,402,40.87975,-73.884655,,50,Mosholu Pkwy (4),Bx,2491758,1274467,1,402,,402
405,Bedford Park Blvd-Lehman College,405,40.873412,-73.890064,,23,Bedford Park Blvd-Lehman College (4),Bx,1538253,691845,1,405,,405
406,Kingsbridge Rd,406,40.86776,-73.897174,,44,Kingsbridge Rd (4),Bx,2733096,1357273,1,406,,406
407,Fordham Rd,407,40.862803,-73.901034,,36,Fordham Rd (4),Bx,3120976,1580225,1,407,,407
408,183 St,408,40.858407,-73.903879,,12,183 St (4),Bx,1779224,951634,1,408,,408
409,Burnside Av,409,40.853453,-73.907684,,28,Burnside Av (4),Bx,3113514,1473081,1,409,,409
410,176 St,410,40.84848,-73.911794,,10,176 St (4),Bx,1713696,876865,1,410,,410
411,Mt Eden Av,411,40.844434,-73.914685,,51,Mt Eden Av (4),Bx,1551038,823443,1,411,,411
412,170 St,412,40.840075,-73.917791,,6,170 St (4),Bx,2487611,1265950,1,412,,412
413,167 St,413,40.835537,-73.9214,,4,167 St (4),Bx,2653237,1396287,1,413,,413
414,161 St-Yankee Stadium,414,40.827994,-73.925831,,3,"161 St-Yankee Stadium (B,D,4)",Bx,8254928,3221651,2,LINK,LINK_414,LINK_414
415,149 St-Grand Concourse,415,40.818375,-73.927351,,2,"149 St-Grand Concourse (2,4,5)",Bx,3931908,1815785,2,LINK,LINK_222,LINK_222
416,138 St-Grand Concourse,416,40.813224,-73.929849,,1,"138 St-Grand Concourse (4,5)",Bx,1035878,371408,1,416,,416
418,Fulton St,418,40.710368,-74.009509,,325,"Fulton St (A,C,J,Z,2,3,4,5)",M,27715365,8855302,4,LINK,LINK_229,LINK_229
419,Wall St,419,40.707557,-74.011862,,344,"Wall St (4,5)",M,5720475,1710383,1,419,,419
420,Bowling Green,420,40.704817,-74.014065,,306,"Bowling Green (4,5)",M,8362034,2503222,1,420,,420
423,Borough Hall,423,40.692404,-73.990151,,136,"Court St (R)/Borough Hall (2,3,4,5)",B,10135722,3356706,3,LINK,LINK_232,LINK_232
501,Eastchester-Dyre Av,501,40.8883,-73.830834,,34,Eastchester-Dyre Av (5),Bx,1331886,631122,1,501,,501
502,Baychester Av,502,40.878663,-73.838591,,21,Baychester Av (5),Bx,1094872,491293,1,502,,502
503,Gun Hill Rd,503,40.869526,-73.846384,,39,"Gun Hill Rd (2,5)",Bx,2271942,1012373,2,LINK,LINK_208,LINK_208
504,Pelham Pkwy,504,40.858985,-73.855359,,56,"Pelham Pkwy (2,5)",Bx,2651208,1222206,2,LINK,LINK_211,LINK_211
505,Morris Park,505,40.854364,-73.860495,,48,Morris Park (5),Bx,711229,318988,1,505,,505
601,Pelham Bay Park,601,40.852462,-73.828121,,55,Pelham Bay Park (6),Bx,2134403,951324,1,601,,601
602,Buhre Av,602,40.84681,-73.832569,,26,Buhre Av (6),Bx,1146032,519694,1,602,,602
603,Middletown Rd,603,40.843863,-73.836322,,47,Middletown Rd (6),Bx,597839,257912,1,603,,603
604,Westchester Sq-E Tremont Av,604,40.839892,-73.842952,,65,Westchester Sq-East Tremont Av (6),Bx,1796415,835515,1,604,,604
606,Zerega Av,606,40.836488,-73.847036,,68,Zerega Av (6),Bx,795756,361499,1,606,,606
607,Castle Hill Av,607,40.834255,-73.851222,,29,Castle Hill Av (6),Bx,1954511,947432,1,607,,607
608,Parkchester,608,40.833226,-73.860816,,54,Parkchester (6),Bx,4734709,2205552,1,608,,608
609,St Lawrence Av,609,40.831509,-73.867618,,60,St Lawrence Av (6),Bx,1276865,641826,1,609,,609
610,Morrison Av-Soundview,610,40.829521,-73.874516,,49,Morrison Av-Soundview (6),Bx,1970185,1000610,1,610,,610
611,Elder Av,611,40.828584,-73.879159,,35,Elder Av (6),Bx,1996492,1053012,1,611,,611
612,Whitlock Av,612,40.826525,-73.886283,,66,Whitlock Av (6),Bx,586845,308198,1,612,,612
613,Hunts Point Av,613,40.820948,-73.890549,,41,Hunts Point Av (6),Bx,3174354,1633812,1,613,,613
614,Longwood Av,614,40.816104,-73.896435,,46,Longwood Av (6),Bx,949680,390165,1,614,,614
615,E 149 St,615,40.812118,-73.904098,,32,East 149 St (6),Bx,1467410,788235,1,615,,615
616,E 143 St-St Mary's St,616,40.808719,-73.907657,,31,East 143 St-St Mary's St (6),Bx,313938,168285,1,616,,616
617,Cypress Av,617,40.805368,-73.914042,,30,Cypress Av (6),Bx,1043922,507795,1,617,,617
618,Brook Av,618,40.807566,-73.91924,,25,Brook Av (6),Bx,1823468,949904,1,618,,618
619,3 Av-138 St,619,40.810476,-73.926138,,18,3 Av-138 St (6),Bx,2503850,1271192,1,619,,619
621,125 St,621,40.804138,-73.937594,,237,"125 St (4,5,6)",M,8554857,3587673,1,621,,621
622,116 St,622,40.798629,-73.941617,,232,116 St (6),M,4572453,2052609,1,622,,622
623,110 St,623,40.79502,-73.94425,,230,110 St (6),M,3316061,1468770,1,623,,623
624,103 St,624,40.7906,-73.947478,,228,103 St (6),M,4039570,1851275,1,624,,624
625,96 St,625,40.785672,-73.95107,,301,96 St (6),M,5145222,2219217,1,625,,625
626,86 St,626,40.779492,-73.955589,,297,"86 St (4,5,6)",M,13537308,5155496,1,626,,626
627,77 St,627,40.77362,-73.959874,,292,77 St (6),M,7821286,3190550,1,627,,627
628,68 St-Hunter College,628,40.768141,-73.96387,,287,68 St-Hunter College (6),M,6699711,2511235,1,628,,628
629,59 St,629,40.762526,-73.967967,,331,"Lexington Av (N,R,W)/59 St (4,5,6)",M,16760813,6273480,2,LINK,LINK_629,LINK_629
630,51 St,630,40.757107,-73.97192,,332,"Lexington Av-53 St (E,M)/51 St (6)",M,18957465,5718725,2,LINK,LINK_630,LINK_630
631,Grand Central-42 St,631,40.751776,-73.976848,,326,"Grand Central-42 St (S,4,5,6,7)",M,45745700,13162826,3,LINK,LINK_326,LINK_326
632,33 St,632,40.746081,-73.982076,,271,33 St (6),M,8934900,3078482,1,632,,632
633,28 St,633,40.74307,-73.984264,,268,28 St (6),M,5834989,2230478,1,633,,633
634,23 St,634,40.739864,-73.986599,,263,23 St (6),M,8659806,2677996,1,634,,634
635,14 St-Union Sq,635,40.734673,-73.989951,,244,"14 St-Union Sq (L,N,Q,R,W,4,5,6)",M,32385260,10830712,3,LINK,LINK_635,LINK_635
636,Astor Pl,636,40.730054,-73.99107,,304,Astor Place (6),M,5502925,1684189,1,636,,636
637,Bleecker St,637,40.725915,-73.994659,,308,"Broadway-Lafayette St (B,D,F,M)/Bleecker St (6)",M,12455155,4062645,2,LINK,LINK_637,LINK_637
638,Spring St,638,40.722301,-73.997141,,340,Spring St (6),M,3754272,1123745,1,638,,638
639,Canal St,639,40.718803,-74.000193,,312,"Canal St (J,N,Q,R,W,Z,6)",M,15861864,4881373,4,LINK,LINK_312,LINK_312
640,Brooklyn Bridge-City Hall,640,40.713065,-74.004131,,309,"Brooklyn Bridge-City Hall (4,5,6)/Chambers St (J,Z)",M,9065146,2710023,2,LINK,LINK_640,LINK_640
701,Flushing-Main St,701,40.7596,-73.83003,,396,Flushing-Main St (7),Q,17568837,6944923,1,701,,701
702,Mets-Willets Point,702,40.754622,-73.845625,,408,Mets-Willets Point (7),Q,2025162,311888,1,702,,702
705,111 St,705,40.75173,-73.855334,,350,111 St (7),Q,3836999,2119770,1,705,,705
706,103 St-Corona Plaza,706,40.749865,-73.8627,,347,103 St-Corona Plaza (7),Q,6399657,3311294,1,706,,706
707,Junction Blvd,707,40.749145,-73.869527,,406,Junction Blvd (7),Q,6883317,3622647,1,707,,707
708,90 St-Elmhurst Av,708,40.748408,-73.876613,,377,90 St-Elmhurst Av (7),Q,5272683,2661934,1,708,,708
709,82 St-Jackson Hts,709,40.747659,-73.883697,,374,82 St-Jackson Hts (7),Q,4893865,2297896,1,709,,709
710,74 St-Broadway,710,40.746848,-73.891394,,370,"74-Broadway (7)/Jackson Hts-Roosevelt Av (E,F,M,R)",Q,17077862,7523538,2,LINK,LINK_710,LINK_710
711,69 St,711,40.746325,-73.896403,,369,69 St (7),Q,1564387,743488,1,711,,711
712,61 St-Woodside,712,40.74563,-73.902984,,424,Woodside-61 St (7),Q,5345369,2391083,1,712,,712
713,52 St,713,40.744149,-73.912549,,365,52 St (7),Q,1907368,847430,1,713,,713
714,46 St-Bliss St,714,40.743132,-73.918435,,364,46 St-Bliss St (7),Q,4019044,1769578,1,714,,714
715,40 St-Lowery St,715,40.743781,-73.924016,,362,40 St-Lowery St (7),Q,3074342,1236614,1,715,,715
716,33 St-Rawson St,716,40.744587,-73.930997,,358,33 St-Rawson St (7),Q,2907388,956400,1,716,,716
718,Queensboro Plaza,718,40.750582,-73.940202,,414,"Queensboro Plaza (N,W,7)",Q,5018211,1790223,2,LINK,LINK_718,LINK_718
719,Court Sq,719,40.747023,-73.945264,,393,"Court Sq (E,G,M,7)",Q,7033377,2368959,3,LINK,LINK_719,LINK_719
720,Hunters Point Av,720,40.742216,-73.948916,,402,Hunters Point Av (7),Q,1885928,705574,1,720,,720
721,Vernon Blvd-Jackson Av,721,40.742626,-73.953581,,421,Vernon Blvd-Jackson Av (7),Q,4623070,1768317,1,721,,721
723,Grand Central-42 St,723,40.751431,-73.976041,,326,"Grand Central-42 St (S,4,5,6,7)",M,45745700,13162826,3,LINK,LINK_326,LINK_326
724,5 Av,724,40.753821,-73.981963,,276,"42 St-Bryant Pk (B,D,F,M)/5 Av (7)",M,17213702,5405394,2,LINK,LINK_724,LINK_724
725,Times Sq-42 St,725,40.755477,-73.987691,,342,"Times Sq-42 St (N,Q,R,W,S,1,2,3,7)/42 St (A,C,E)",M,65020294,20341240,5,LINK,LINK_127,LINK_127
726,34 St-Hudson Yards,726,40.755882,-74.00191,,273,34 St-Hudson Yards (7),M,6108384,2092769,1,726,,726
901,Grand Central-42 St,901,40.752769,-73.979189,,326,"Grand Central-42 St (S,4,5,6,7)",M,45745700,13162826,3,LINK,LINK_326,LINK_326
902,Times Sq-42 St,902,40.755983,-73.986229,,342,"Times Sq-42 St (N,Q,R,W,S,1,2,3,7)/42 St (A,C,E)",M,65020294,20341240,5,LINK,LINK_127,LINK_127
A02,Inwood-207 St,A02,40.868072,-73.919899,,330,Inwood-207 St (A),M,3150731,1260062,1,A02,,A02
A03,Dyckman St,A03,40.865491,-73.927271,,321,Dyckman St (1),M,2079656,1055222,2,LINK,LINK_109,LINK_109
A05,190 St,A05,40.859022,-73.93418,,257,190 St (A),M,1535450,562043,1,A05,,A05
A06,181 St,A06,40.851695,-73.937969,,255,181 St (1),M,3523536,1682772,2,LINK,LINK_111,LINK_111
A07,175 St,A07,40.847391,-73.939704,,253,175 St (A),M,4182625,1665946,1,A07,,A07
A09,168 St,A09,40.840719,-73.939561,,252,"168 St (A,C,1)",M,6156288,3265733,2,LINK,LINK_112,LINK_112
A10,163 St-Amsterdam Av,A10,40.836013,-73.939892,,251,163 St-Amsterdam Av (C),M,1390312,617596,1,A10,,A10
A11,155 St,A11,40.830518,-73.941514,,249,155 St (C),M,895036,367255,1,A11,,A11
A12,145 St,A12,40.824783,-73.944216,,247,"145 St (A,B,C,D)",M,7464653,3111334,2,LINK,LINK_A12,LINK_A12
A14,135 St,A14,40.817894,-73.947649,,240,"135 St (B,C)",M,1743921,667495,1,A14,,A14
A15,125 St,A15,40.811109,-73.952343,,238,"125 St (A,B,C,D)",M,9208598,3863203,1,A15,,A15
A16,116 St,A16,40.805085,-73.954882,,233,"116 St (B,C)",M,2288111,896442,1,A16,,A16
A17,Cathedral Pkwy (110 St),A17,40.800603,-73.958161,,314,"Cathedral Pkwy-110 St (B,C)",M,2396624,934145,1,A17,,A17
A18,103 St,A18,40.796092,-73.961454,,229,"103 St (B,C)",M,1498363,579191,1,A18,,A18
A19,96 St,A19,40.791642,-73.964696,,302,"96 St (B,C)",M,3038864,1194638,1,A19,,A19
A20,86 St,A20,40.785868,-73.968916,,298,"86 St (B,C)",M,3232637,1188684,1,A20,,A20
A21,81 St-Museum of Natural History,A21,40.781433,-73.972143,,295,"81 St-Museum of Natural History (B,C)",M,4407607,1275973,1,A21,,A21
A22,72 St,A22,40.775594,-73.97641,,290,"72 St (B,C)",M,2837041,935070,1,A22,,A22
A24,59 St-Columbus Circle,A24,40.768296,-73.981736,,285,"59 St-Columbus Circle (A,B,C,D,1)",M,23040650,7618925,2,LINK,LINK_125,LINK_125
A25,50 St,A25,40.762456,-73.985984,,282,"50 St (C,E)",M,6902595,2002813,1,A25,,A25
A27,42 St-Port Authority Bus Terminal,A27,40.757308,-73.989735,,342,"Times Sq-42 St (N,Q,R,W,S,1,2,3,7)/42 St (A,C,E)",M,65020294,20341240,5,LINK,LINK_127,LINK_127
A28,34 St-Penn Station,A28,40.752287,-73.993391,,275,"34 St-Penn Station (A,C,E)",M,25631364,8010472,1,A28,,A28
A30,23 St,A30,40.745906,-73.998041,,264,"23 St (C,E)",M,7272610,2341259,1,A30,,A30
A31,14 St,A31,40.740893,-74.00169,,242,"14 St (A,C,E)/8 Av (L)",M,14239275,4463227,2,LINK,LINK_A31,LINK_A31
A32,W 4 St-Wash Sq,A32,40.732338,-74.000495,,345,"West 4 St-Washington Sq (A,B,C,D,E,F,M)",M,14063633,4503429,2,LINK,LINK_A32,LINK_A32
A33,Spring St,A33,40.726227,-74.003739,,341,"Spring St (C,E)",M,4423135,1377863,1,A33,,A33
A34,Canal St,A34,40.720824,-74.005229,,311,"Canal St (A,C,E)",M,6403172,1965245,1,A34,,A34
A36,Chambers St,A36,40.714111,-74.008585,,317,"Chambers St (A,C)/WTC (E)/Park Pl (2,3)/Cortlandt (R,W)",M,20820549,5930847,4,LINK,LINK_317,LINK_317
A38,Fulton St,A38,40.710197,-74.007691,,325,"Fulton St (A,C,J,Z,2,3,4,5)",M,27715365,8855302,4,LINK,LINK_229,LINK_229
A40,High St,A40,40.699337,-73.990531,,164,"High St (A,C)",B,3536860,1043554,1,A40,,A40
A41,Jay St-MetroTech,A41,40.692338,-73.987342,,167,"Jay St-MetroTech (A,C,F,R)",B,12238047,4048255,2,LINK,LINK_A41,LINK_A41
A42,Hoyt-Schermerhorn Sts,A42,40.688484,-73.985001,,166,"Hoyt-Schermerhorn Sts (A,C,G)",B,3605153,1426671,1,A42,,A42
A43,Lafayette Av,A43,40.686113,-73.973946,,177,Lafayette Av (C),B,1599887,619691,1,A43,,A43
A44,Clinton-Washington Avs,A44,40.683263,-73.965838,,132,Clinton-Washington Avs (C),B,2144338,724726,1,A44,,A44
A45,Franklin Av,A45,40.68138,-73.956848,,153,"Franklin Av (C,S)",B,1977940,781552,1,A45,,A45
A46,Nostrand Av,A46,40.680438,-73.950426,,199,"Nostrand Av (A,C)",B,5608232,2150476,1,A46,,A46
A47,Kingston-Throop Avs,A47,40.679921,-73.940858,,174,Kingston-Throop Avs (C),B,2055094,791030,1,A47,,A47
A48,Utica Av,A48,40.679364,-73.930729,,218,"Utica Av (A,C)",B,5106247,2085483,1,A48,,A48
A49,Ralph Av,A49,40.678822,-73.920786,,207,Ralph Av (C),B,1829126,818101,1,A49,,A49
A50,Rockaway Av,A50,40.67834,-73.911946,,209,Rockaway Av (C),B,1787343,781385,1,A50,,A50
A51,Broadway Junction,A51,40.678334,-73.905316,,120,"Broadway Junction (A,C,J,L,Z)",B,2759349,1292868,3,LINK,LINK_A51,LINK_A51
A52,Liberty Av,A52,40.674542,-73.896548,,178,Liberty Av (C),B,833633,381652,1,A52,,A52
A53,Van Siclen Av,A53,40.67271,-73.890358,,220,Van Siclen Av (C),B,918811,437290,1,A53,,A53
A54,Shepherd Av,A54,40.67413,-73.88075,,212,Shepherd Av (C),B,977012,449144,1,A54,,A54
A55,Euclid Av,A55,40.675377,-73.872106,,145,"Euclid Av (A,C)",B,3240578,1537226,1,A55,,A55
A57,Grant Av,A57,40.677044,-73.86505,,159,Grant Av (A),B,1749932,802190,1,A57,,A57
A59,80 St,A59,40.679371,-73.858992,,373,80 St (A),Q,1298825,552808,1,A59,,A59
A60,88 St,A60,40.679843,-73.85147,,376,88 St (A),Q,853110,384745,1,A60,,A60
A61,Rockaway Blvd,A61,40.680429,-73.843853,,415,Rockaway Blvd (A),Q,2299903,1040869,1,A61,,A61
A63,104 St,A63,40.681711,-73.837683,,348,104 St (A),Q,536924,243156,1,A63,,A63
A64,111 St,A64,40.684331,-73.832163,,351,111 St (A),Q,760163,339066,1,A64,,A64
A65,Ozone Park-Lefferts Blvd,A65,40.685951,-73.825798,,411,Ozone Park-Lefferts Blvd (A),Q,2216647,1019115,1,A65,,A65
B04,21 St-Queensbridge,B04,40.754203,-73.942836,,356,21 St-Queensbridge (F),Q,3516992,1355845,1,B04,,B04
B06,Roosevelt Island,B06,40.759145,-73.95326,,338,Roosevelt Island (F),M,2380764,893253,1,B06,,B06
B08,Lexington Av/63 St,B08,40.764629,-73.966113,,333,"Lexington Av-63 St (F,Q)",M,6567634,2441527,1,B08,,B08
B10,57 St,B10,40.763972,-73.97745,,283,57 St (F),M,4550216,1491039,1,B10,,B10
B12,9 Av,B12,40.646292,-73.994324,,92,9 Av (D),B,1708387,807970,1,B12,,B12
B13,Fort Hamilton Pkwy,B13,40.640914,-73.994304,,149,Fort Hamilton Pkwy (D),B,1207971,614581,1,B13,,B13
B14,50 St,B14,40.63626,-73.994791,,80,50 St (D),B,976988,521944,1,B14,,B14
B15,55 St,B15,40.631435,-73.995476,,82,55 St (D),B,637405,330043,1,B15,,B15
B16,62 St,B16,40.626472,-73.996895,,194,New Utrecht Av (N)/62 St (D),B,1501183,718496,2,LINK,LINK_B16,LINK_B16
B17,71 St,B17,40.619589,-73.998864,,86,71 St (D),B,1722921,721711,1,B17,,B17
B18,79 St,B18,40.613501,-74.00061,,88,79 St (D),B,1926290,816330,1,B18,,B18
B19,18 Av,B19,40.607954,-74.001736,,70,18 Av (D),B,1942617,851720,1,B19,,B19
B20,20 Av,B20,40.604556,-73.998168,,73,20 Av (D),B,1578971,703957,1,B20,,B20
B21,Bay Pkwy,B21,40.601875,-73.993728,,107,Bay Pkwy (D),B,2446673,1086573,1,B21,,B21
B22,25 Av,B22,40.597704,-73.986829,,75,25 Av (D),B,1507759,609450,1,B22,,B22
B23,Bay 50 St,B23,40.588841,-73.983765,,106,Bay 50 St (D),B,821873,351591,1,B23,,B23
D01,Norwood-205 St,D01,40.874811,-73.878855,,53,Norwood-205 St (D),Bx,2639003,1315356,1,D01,,D01
D03,Bedford Park Blvd,D03,40.873244,-73.887138,,22,"Bedford Park Blvd (B,D)",Bx,2143375,968590,1,D03,,D03
D04,Kingsbridge Rd,D04,40.866978,-73.893509,,45,"Kingsbridge Rd (B,D)",Bx,2485283,1189102,1,D04,,D04
D05,Fordham Rd,D05,40.861296,-73.897749,,37,"Fordham Rd (B,D)",Bx,3671217,1713032,1,D05,,D05
D06,182-183 Sts,D06,40.856093,-73.900741,,11,"182-183 Sts (B,D)",Bx,1513443,761613,1,D06,,D06
D07,Tremont Av,D07,40.85041,-73.905227,,61,"Tremont Av (B,D)",Bx,3052099,1433744,1,D07,,D07
D08,174-175 Sts,D08,40.8459,-73.910136,,9,"174-175 Sts (B,D)",Bx,1518260,788121,1,D08,,D08
D09,170 St,D09,40.839306,-73.9134,,7,"170 St (B,D)",Bx,2130461,1002095,1,D09,,D09
D10,167 St,D10,40.833771,-73.91844,,5,"167 St (B,D)",Bx,2734530,1422149,1,D10,,D10
D11,161 St-Yankee Stadium,D11,40.827905,-73.925651,,3,"161 St-Yankee Stadium (B,D,4)",Bx,8254928,3221651,2,LINK,LINK_414,LINK_414
D12,155 St,D12,40.830135,-73.938209,,248,"155 St (B,D)",M,1123868,546625,1,D12,,D12
D13,145 St,D13,40.824783,-73.944216,,247,"145 St (A,B,C,D)",M,7464653,3111334,2,LINK,LINK_A12,LINK_A12
D14,7 Av,D14,40.762862,-73.981637,,288,"7 Av (B,D,E)",M,5508778,1545234,1,D14,,D14
D15,47-50 Sts-Rockefeller Ctr,D15,40.758663,-73.981329,,277,"47-50 Sts-Rockefeller Center (B,D,F,M)",M,18604810,5826100,1,D15,,D15
D16,42 St-Bryant Pk,D16,40.754222,-73.984569,,276,"42 St-Bryant Pk (B,D,F,M)/5 Av (7)",M,17213702,5405394,2,LINK,LINK_724,LINK_724
D17,34 St-Herald Sq,D17,40.749719,-73.987823,,272,"34 St-Herald Sq (B,D,F,M,N,Q,R,W)",M,39385436,12826841,2,LINK,LINK_D17,LINK_D17
D18,23 St,D18,40.742878,-73.992821,,265,"23 St (F,M)",M,8619473,3100291,1,D18,,D18
D19,14 St,D19,40.738228,-73.996209,,243,"14 St (F,M,1,2,3)/6 Av (L)",M,14736035,5057029,3,LINK,LINK_132,LINK_132
D20,W 4 St-Wash Sq,D20,40.732338,-74.000495,,345,"West 4 St-Washington Sq (A,B,C,D,E,F,M)",M,14063633,4503429,2,LINK,LINK_A32,LINK_A32
D21,Broadway-Lafayette St,D21,40.725297,-73.996204,,308,"Broadway-Lafayette St (B,D,F,M)/Bleecker St (6)",M,12455155,4062645,2,LINK,LINK_637,LINK_637
D22,Grand St,D22,40.718267,-73.993753,,327,"Grand St (B,D)",M,8024364,2908017,1,D22,,D22
D24,Atlantic Av-Barclays Ctr,D24,40.68446,-73.97689,,95,"Atlantic Av-Barclays Ctr (B,D,N,Q,R,2,3,4,5)",B,13939794,5474265,3,LINK,LINK_235,LINK_235
D25,7 Av,D25,40.67705,-73.972367,,84,"7 Av (B,Q)",B,3103599,1007948,1,D25,,D25
D26,Prospect Park,D26,40.661614,-73.962246,,206,"Prospect Park (B,Q,S)",B,3323334,1261501,1,D26,,D26
D27,Parkside Av,D27,40.655292,-73.961495,,202,Parkside Av (Q),B,1955051,861896,1,D27,,D27
D28,Church Av,D28,40.650527,-73.962982,,127,"Church Av (B,Q)",B,5061013,2181585,1,D28,,D28
D29,Beverley Rd,D29,40.644031,-73.964492,,116,Beverley Rd (Q),B,1048249,453974,1,D29,,D29
D30,Cortelyou Rd,D30,40.640927,-73.963891,,135,Cortelyou Rd (Q),B,1957538,835380,1,D30,,D30
D31,Newkirk Plaza,D31,40.635082,-73.962793,,196,"Newkirk Plaza (B,Q)",B,3252504,1356510,1,D31,,D31
D32,Avenue H,D32,40.62927,-73.961639,,96,Avenue H (Q),B,991766,395439,1,D32,,D32
D33,Avenue J,D33,40.625039,-73.960803,,98,Avenue J (Q),B,1775846,799621,1,D33,,D33
D34,Avenue M,D34,40.617618,-73.959399,,99,Avenue M (Q),B,1691285,763258,1,D34,,D34
D35,Kings Hwy,D35,40.60867,-73.957734,,170,"Kings Hwy (B,Q)",B,5938819,2588491,1,D35,,D35
D37,Avenue U,D37,40.5993,-73.955929,,104,Avenue U (Q),B,2301941,979080,1,D37,,D37
D38,Neck Rd,D38,40.595246,-73.955161,,189,Neck Rd (Q),B,1362524,573448,1,D38,,D38
D39,Sheepshead Bay,D39,40.586896,-73.954155,,211,"Sheepshead Bay (B,Q)",B,4169796,1772098,1,D39,,D39
D40,Brighton Beach,D40,40.577621,-73.961376,,118,"Brighton Beach (B,Q)",B,3745994,1683782,1,D40,,D40
D41,Ocean Pkwy,D41,40.576312,-73.968501,,200,Ocean Pkwy (Q),B,1033340,462998,1,D41,,D41
D42,W 8 St-NY Aquarium,D42,40.576127,-73.975939,,222,"West 8 St-New York Aquarium (F,Q)",B,837836,315691,1,D42,,D42
D43,Coney Island-Stillwell Av,D43,40.577422,-73.981233,,134,"Coney Island-Stillwell Av (D,F,N,Q)",B,4579191,1838369,1,D43,,D43
E01,World Trade Center,E01,40.712582,-74.009781,,317,"Chambers St (A,C)/WTC (E)/Park Pl (2,3)/Cortlandt (R,W)",M,20820549,5930847,4,LINK,LINK_317,LINK_317
F01,Jamaica-179 St,F01,40.712646,-73.783817,,404,Jamaica-179 St (F),Q,6262449,2741359,1,F01,,F01
F02,169 St,F02,40.71047,-73.793604,,354,169 St (F),Q,2465120,1061564,1,F02,,F02
F03,Parsons Blvd,F03,40.707564,-73.803326,,412,Parsons Blvd (F),Q,2086114,1089861,1,F03,,F03
F04,Sutphin Blvd,F04,40.70546,-73.810708,,419,Sutphin Blvd (F),Q,1345420,702013,1,F04,,F04
F05,Briarwood,F05,40.709179,-73.820574,,390,"Briarwood-Van Wyck Blvd (E,F)",Q,1501152,627403,1,F05,,F05
F06,Kew Gardens-Union Tpke,F06,40.714441,-73.831008,,407,"Kew Gardens-Union Turnpike (E,F)",Q,7625674,3054242,1,F06,,F06
F07,75 Av,F07,40.718331,-73.837324,,371,"75 Av (E,F)",Q,1059027,395084,1,F07,,F07
F09,Court Sq-23 St,F09,40.747846,-73.946,,393,"Court Sq (E,G,M,7)",Q,7033377,2368959,3,LINK,LINK_719,LINK_719
F11,Lexington Av/53 St,F11,40.757552,-73.969055,,332,"Lexington Av-53 St (E,M)/51 St (6)",M,18957465,5718725,2,LINK,LINK_630,LINK_630
F12,5 Av/53 St,F12,40.760167,-73.975224,,279,"5 Av-53 St (E,M)",M,7684091,2076871,1,F12,,F12
F15,Delancey St-Essex St,F15,40.718611,-73.988114,,320,"Delancey St (F)/Essex St (J,M,Z)",M,8861296,3388714,2,LINK,LINK_F15,LINK_F15
F14,2 Av,F14,40.723402,-73.989938,,259,2 Av (F),M,5583944,1846978,1,F14,,F14
F16,East Broadway,F16,40.713715,-73.990173,,323,East Broadway (F),M,4460330,1622512,1,F16,,F16
F18,York St,F18,40.701397,-73.986751,,225,York St (F),B,3927129,1257103,1,F18,,F18
F20,Bergen St,F20,40.686145,-73.990862,,115,"Bergen St (F,G)",B,3577496,1240354,1,F20,,F20
F21,Carroll St,F21,40.680303,-73.995048,,123,"Carroll St (F,G)",B,3615019,1261245,1,F21,,F21
F23,4 Av-9 St,F23,40.670272,-73.989779,,78,"4 Av (F,G)/9 St (R)",B,3924882,1531708,2,LINK,LINK_F23,LINK_F23
F22,Smith-9 Sts,F22,40.67358,-73.995959,,213,"Smith-9 Sts (F,G)",B,1435824,609725,1,F22,,F22
F24,7 Av,F24,40.666271,-73.980305,,85,"7 Av (F,G)",B,3675218,1314989,1,F24,,F24
F25,15 St-Prospect Park,F25,40.660365,-73.979493,,69,"15 St-Prospect Park (F,G)",B,1964534,681492,1,F25,,F25
F26,Fort Hamilton Pkwy,F26,40.650782,-73.975776,,150,"Fort Hamilton Pkwy (F,G)",B,1800167,633055,1,F26,,F26
F27,Church Av,F27,40.644041,-73.979678,,128,"Church Av (F,G)",B,3051736,1368063,1,F27,,F27
F29,Ditmas Av,F29,40.636119,-73.978172,,142,Ditmas Av (F),B,1177275,538215,1,F29,,F29
F30,18 Av,F30,40.629755,-73.976971,,71,18 Av (F),B,1113492,503136,1,F30,,F30
F31,Avenue I,F31,40.625322,-73.976127,,97,Avenue I (F),B,584129,262583,1,F31,,F31
F32,Bay Pkwy,F32,40.620769,-73.975264,,108,Bay Pkwy (F),B,362802,167877,1,F32,,F32
F33,Avenue N,F33,40.61514,-73.974197,,100,Avenue N (F),B,877383,393183,1,F33,,F33
F34,Avenue P,F34,40.608944,-73.973022,,101,Avenue P (F),B,739804,333836,1,F34,,F34
F35,Kings Hwy,F35,40.603217,-73.972361,,171,Kings Hwy (F),B,1129071,488475,1,F35,,F35
F36,Avenue U,F36,40.596063,-73.973357,,102,Avenue U (F),B,547776,248310,1,F36,,F36
F38,Avenue X,F38,40.58962,-73.97425,,105,Avenue X (F),B,758700,334714,1,F38,,F38
F39,Neptune Av,F39,40.581011,-73.974574,,190,Neptune Av (F),B,428163,185099,1,F39,,F39
G05,Jamaica Center-Parsons/Archer,G05,40.702147,-73.801109,,403,"Jamaica Center-Parsons-Archer (E,J,Z)",Q,10010419,4284646,1,G05,,G05
G06,Sutphin Blvd-Archer Av-JFK Airport,G06,40.700486,-73.807969,,420,"Sutphin Blvd-Archer Av-JFK Airport (E,J,Z)",Q,7354064,2951061,1,G06,,G06
G07,Jamaica-Van Wyck,G07,40.702566,-73.816859,,405,Jamaica-Van Wyck (E),Q,1412179,807093,1,G07,,G07
G08,Forest Hills-71 Av,G08,40.721691,-73.844521,,398,"Forest Hills-71 Av (E,F,M,R)",Q,8027234,3100667,1,G08,,G08
G09,67 Av,G09,40.726523,-73.852719,,368,"67 Av (M,R)",Q,2641450,1021518,1,G09,,G09
G10,63 Dr-Rego Park,G10,40.729846,-73.861604,,366,"63 Dr-Rego Park (M,R)",Q,4753706,1954647,1,G10,,G10
G11,Woodhaven Blvd,G11,40.733106,-73.869229,,423,"Woodhaven Blvd (M,R)",Q,6381132,2634483,1,G11,,G11
G12,Grand Av-Newtown,G12,40.737015,-73.877223,,400,"Grand Av-Newtown (M,R)",Q,5730846,2394479,1,G12,,G12
G13,Elmhurst Av,G13,40.742454,-73.882017,,394,"Elmhurst Av (M,R)",Q,3867341,1706575,1,G13,,G13
G14,Jackson Hts-Roosevelt Av,G14,40.746644,-73.891338,,370,"74-Broadway (7)/Jackson Hts-Roosevelt Av (E,F,M,R)",Q,17077862,7523538,2,LINK,LINK_710,LINK_710
G15,65 St,G15,40.749669,-73.898453,,367,"65 St (M,R)",Q,1098148,465309,1,G15,,G15
G16,Northern Blvd,G16,40.752885,-73.906006,,410,"Northern Blvd (M,R)",Q,2008091,902165,1,G16,,G16
G18,46 St,G18,40.756312,-73.913333,,363,"46 St (M,R)",Q,2609445,1052114,1,G18,,G18
G19,Steinway St,G19,40.756879,-73.92074,,418,"Steinway St (M,R)",Q,4715335,1768131,1,G19,,G19
G20,36 St,G20,40.752039,-73.928781,,360,"36 St (M,R)",Q,1383420,470766,1,G20,,G20
G21,Queens Plaza,G21,40.748973,-73.937243,,413,"Queens Plaza (E,M,R)",Q,4334290,1422188,1,G21,,G21
G22,Court Sq,G22,40.746554,-73.943832,,393,"Court Sq (E,G,M,7)",Q,7033377,2368959,3,LINK,LINK_719,LINK_719
G24,21 St,G24,40.744065,-73.949724,,355,21 St (G),Q,535536,228383,1,G24,,G24
G26,Greenpoint Av,G26,40.731352,-73.954449,,160,Greenpoint Av (G),B,3089912,1296681,1,G26,,G26
G29,Metropolitan Av,G29,40.712792,-73.951418,,181,Lorimer St (L)/Metropolitan Av (G),B,4696924,1780896,2,LINK,LINK_G29,LINK_G29
G28,Nassau Av,G28,40.724635,-73.951277,,188,Nassau Av (G),B,3136229,1186206,1,G28,,G28
G30,Broadway,G30,40.706092,-73.950308,,119,Broadway (G),B,1506905,728238,1,G30,,G30
G31,Flushing Av,G31,40.700377,-73.950234,,147,Flushing Av (G),B,732897,402100,1,G31,,G31
G32,Myrtle-Willoughby Avs,G32,40.694568,-73.949046,,186,Myrtle-Willoughby Avs (G),B,1820637,789214,1,G32,,G32
G33,Bedford-Nostrand Avs,G33,40.689627,-73.953522,,113,Bedford-Nostrand Avs (G),B,2795387,1062724,1,G33,,G33
G34,Classon Av,G34,40.688873,-73.96007,,130,Classon Av (G),B,1722852,667262,1,G34,,G34
G35,Clinton-Washington Avs,G35,40.688089,-73.966839,,133,Clinton-Washington Avs (G),B,1609332,574939,1,G35,,G35
G36,Fulton St,G36,40.687119,-73.975375,,154,Fulton St (G),B,1768601,743347,1,G36,,G36
H01,Aqueduct Racetrack,H01,40.668234,-73.834058,,378,Aqueduct Racetrack (A),Q,601436,168737,1,H01,,H01
H02,Aqueduct-N Conduit Av,H02,40.668234,-73.834058,,379,Aqueduct-North Conduit Av (A),Q,263422,107146,1,H02,,H02
H03,Howard Beach-JFK Airport,H03,40.660476,-73.830301,,401,Howard Beach-JFK Airport (A),Q,1171303,325750,1,H03,,H03
H04,Broad Channel,H04,40.608382,-73.815925,,391,"Broad Channel (A,S)",Q,90358,35837,1,H04,,H04
H06,Beach 67 St,H06,40.590927,-73.796924,,387,Beach 67 St-Arverne By The Sea (A),Q,718008,366760,1,H06,,H06
H07,Beach 60 St,H07,40.592374,-73.788522,,386,Beach 60 St (A),Q,623826,313416,1,H07,,H07
H08,Beach 44 St,H08,40.592943,-73.776013,,385,Beach 44 St (A),Q,215701,109448,1,H08,,H08
H09,Beach 36 St,H09,40.595398,-73.768175,,384,Beach 36 St (A),Q,292305,149257,1,H09,,H09
H10,Beach 25 St,H10,40.600066,-73.761353,,383,Beach 25 St (A),Q,517164,258136,1,H10,,H10
H11,Far Rockaway-Mott Av,H11,40.603995,-73.755405,,395,Far Rockaway-Mott Av (A),Q,1347765,709394,1,H11,,H11
H12,Beach 90 St,H12,40.588034,-73.813641,,388,"Beach 90 St (A,S)",Q,348771,129188,1,H12,,H12
H13,Beach 98 St,H13,40.585307,-73.820558,,389,"Beach 98 St (A,S)",Q,164130,63297,1,H13,,H13
H14,Beach 105 St,H14,40.583209,-73.827559,,382,"Beach 105 St (A,S)",Q,88439,37750,1,H14,,H14
H15,Rockaway Park-Beach 116 St,H15,40.580903,-73.835592,,416,"Rockaway Park-Beach 116 St (A,S)",Q,228144,110133,1,H15,,H15
J12,121 St,J12,40.700492,-73.828294,,353,"121 St (J,Z)",Q,675500,315015,1,J12,,J12
J13,111 St,J13,40.697418,-73.836345,,352,111 St (J),Q,350344,302101,1,J13,,J13
J14,104 St,J14,40.695178,-73.84433,,349,"104 St (J,Z)",Q,774888,365060,1,J14,,J14
J15,Woodhaven Blvd,J15,40.693879,-73.851576,,422,"Woodhaven Blvd (J,Z)",Q,1337787,681796,1,J15,,J15
J16,85 St-Forest Pkwy,J16,40.692435,-73.86001,,375,85 St-Forest Pkwy (J),Q,1061293,546685,1,J16,,J16
J17,75 St-Elderts Ln,J17,40.691324,-73.867139,,372,"75 St-Elderts Ln (J,Z)",Q,1029388,516795,1,J17,,J17
J19,Cypress Hills,J19,40.689941,-73.87255,,139,Cypress Hills (J),B,420647,222325,1,J19,,J19
J20,Crescent St,J20,40.683194,-73.873785,,137,"Crescent St (J,Z)",B,1391945,677801,1,J20,,J20
J21,Norwood Av,J21,40.68141,-73.880039,,197,"Norwood Av (J,Z)",B,948571,454457,1,J21,,J21
J22,Cleveland St,J22,40.679947,-73.884639,,131,Cleveland St (J),B,880879,436011,1,J22,,J22
J23,Van Siclen Av,J23,40.678024,-73.891688,,221,"Van Siclen Av (J,Z)",B,791691,416713,1,J23,,J23
J27,Broadway Junction,J27,40.679498,-73.904512,,120,"Broadway Junction (A,C,J,L,Z)",B,2759349,1292868,3,LINK,LINK_A51,LINK_A51
J24,Alabama Av,J24,40.676992,-73.898654,,93,Alabama Av (J),B,628299,337011,1,J24,,J24
J28,Chauncey St,J28,40.682893,-73.910456,,125,"Chauncey St (J,Z)",B,1076510,479409,1,J28,,J28
J29,Halsey St,J29,40.68637,-73.916559,,161,Halsey St (J),B,2120521,871012,1,J29,,J29
J30,Gates Av,J30,40.68963,-73.92227,,155,"Gates Av (J,Z)",B,2249791,957606,1,J30,,J30
L01,8 Av,L01,40.739777,-74.002578,,242,"14 St (A,C,E)/8 Av (L)",M,14239275,4463227,2,LINK,LINK_A31,LINK_A31
L02,6 Av,L02,40.737335,-73.996786,,243,"14 St (F,M,1,2,3)/6 Av (L)",M,14736035,5057029,3,LINK,LINK_132,LINK_132
L03,14 St-Union Sq,L03,40.734789,-73.99073,,244,"14 St-Union Sq (L,N,Q,R,W,4,5,6)",M,32385260,10830712,3,LINK,LINK_635,LINK_635
J31,Kosciuszko St,J31,40.693342,-73.928814,,176,Kosciuszko St (J),B,1779062,731320,1,J31,,J31
L05,3 Av,L05,40.732849,-73.986122,,270,3 Av (L),M,1700456,742241,1,L05,,L05
L06,1 Av,L06,40.730953,-73.981628,,226,1 Av (L),M,5345371,2177284,1,L06,,L06
L10,Lorimer St,L10,40.714063,-73.950275,,181,Lorimer St (L)/Metropolitan Av (G),B,4696924,1780896,2,LINK,LINK_G29,LINK_G29
L08,Bedford Av,L08,40.717304,-73.956872,,112,Bedford Av (L),B,7836366,2873798,1,L08,,L08
L11,Graham Av,L11,40.714565,-73.944053,,156,Graham Av (L),B,2709511,1039834,1,L11,,L11
L12,Grand St,L12,40.711926,-73.94067,,158,Grand St (L),B,1847219,809406,1,L12,,L12
L13,Montrose Av,L13,40.707739,-73.93985,,183,Montrose Av (L),B,1933886,828023,1,L13,,L13
L14,Morgan Av,L14,40.706152,-73.933147,,184,Morgan Av (L),B,2100475,866007,1,L14,,L14
L15,Jefferson St,L15,40.706607,-73.922913,,168,Jefferson St (L),B,2237997,912845,1,L15,,L15
L17,Myrtle-Wyckoff Avs,L17,40.699814,-73.911586,,187,"Myrtle-Wyckoff Avs (L,M)",B,5927332,2704645,2,LINK,LINK_L17,LINK_L17
L16,DeKalb Av,L16,40.703811,-73.918425,,141,DeKalb Av (L),B,3290894,1541784,1,L16,,L16
L19,Halsey St,L19,40.695602,-73.904084,,162,Halsey St (L),B,2176141,1005045,1,L19,,L19
L20,Wilson Av,L20,40.688764,-73.904046,,223,Wilson Av (L),B,1290221,587630,1,L20,,L20
L22,Broadway Junction,L22,40.678856,-73.90324,,120,"Broadway Junction (A,C,J,L,Z)",B,2759349,1292868,3,LINK,LINK_A51,LINK_A51
L21,Bushwick Av-Aberdeen St,L21,40.682829,-73.905249,,121,Bushwick Av-Aberdeen St (L),B,600188,298031,1,L21,,L21
L24,Atlantic Av,L24,40.675345,-73.903097,,94,Atlantic Av (L),B,469819,228515,1,L24,,L24
L25,Sutter Av,L25,40.669367,-73.901975,,215,Sutter Av (L),B,1047762,483645,1,L25,,L25
L26,Livonia Av,L26,40.664038,-73.900571,,179,Livonia Av (L),B,856615,446530,1,L26,,L26
L27,New Lots Av,L27,40.658733,-73.899232,,193,New Lots Av (L),B,1254351,606925,1,L27,,L27
L28,East 105 St,L28,40.650573,-73.899485,,143,East 105 St (L),B,1001343,477302,1,L28,,L28
L29,Canarsie-Rockaway Pkwy,L29,40.646654,-73.90185,,122,Canarsie-Rockaway Pkwy (L),B,3302691,1306173,1,L29,,L29
M01,Middle Village-Metropolitan Av,M01,40.711396,-73.889601,,409,Middle Village-Metropolitan Av (M),Q,1090449,514007,1,M01,,M01
M04,Fresh Pond Rd,M04,40.706186,-73.895877,,399,Fresh Pond Rd (M),Q,1776084,841585,1,M04,,M04
M05,Forest Av,M05,40.704423,-73.903077,,397,Forest Av (M),Q,1310163,609687,1,M05,,M05
M08,Myrtle-Wyckoff Avs,M08,40.69943,-73.912385,,187,"Myrtle-Wyckoff Avs (L,M)",B,5927332,2704645,2,LINK,LINK_L17,LINK_L17
M06,Seneca Av,M06,40.702762,-73.90774,,417,Seneca Av (M),Q,1080829,474806,1,M06,,M06
M09,Knickerbocker Av,M09,40.698664,-73.919711,,175,Knickerbocker Av (M),B,1544093,659855,1,M09,,M09
M10,Central Av,M10,40.697857,-73.927397,,124,Central Av (M),B,1472067,591081,1,M10,,M10
M11,Myrtle Av,M11,40.697207,-73.935657,,185,"Myrtle Av (J,M,Z)",B,3854024,1563366,1,M11,,M11
M12,Flushing Av,M12,40.70026,-73.941126,,148,"Flushing Av (J,M)",B,2773154,1256788,1,M12,,M12
M13,Lorimer St,M13,40.703869,-73.947408,,180,"Lorimer St (J,M)",B,1747990,716035,1,M13,,M13
M14,Hewes St,M14,40.70687,-73.953431,,163,"Hewes St (J,M)",B,1117566,468382,1,M14,,M14
M18,Delancey St-Essex St,M18,40.718315,-73.987437,,320,"Delancey St (F)/Essex St (J,M,Z)",M,8861296,3388714,2,LINK,LINK_F15,LINK_F15
M16,Marcy Av,M16,40.708359,-73.957757,,182,"Marcy Av (J,M,Z)",B,4717791,1816258,1,M16,,M16
M19,Bowery,M19,40.72028,-73.993915,,305,"Bowery (J,Z)",M,1325244,454326,1,M19,,M19
M21,Chambers St,M21,40.713243,-74.003401,,309,"Brooklyn Bridge-City Hall (4,5,6)/Chambers St (J,Z)",M,9065146,2710023,2,LINK,LINK_640,LINK_640
M20,Canal St,M20,40.718092,-73.999892,,312,"Canal St (J,N,Q,R,W,Z,6)",M,15861864,4881373,4,LINK,LINK_312,LINK_312
M22,Fulton St,M22,40.710374,-74.007582,,325,"Fulton St (A,C,J,Z,2,3,4,5)",M,27715365,8855302,4,LINK,LINK_229,LINK_229
M23,Broad St,M23,40.706476,-74.011056,,307,"Broad St (J,Z)",M,2172223,698480,1,M23,,M23
N02,8 Av,N02,40.635064,-74.011719,,89,8 Av (N),B,3801700,1424892,1,N02,,N02
N04,New Utrecht Av,N04,40.624842,-73.996353,,194,New Utrecht Av (N)/62 St (D),B,1501183,718496,2,LINK,LINK_B16,LINK_B16
N03,Fort Hamilton Pkwy,N03,40.631386,-74.005351,,151,Fort Hamilton Pkwy (N),B,1372278,780316,1,N03,,N03
N05,18 Av,N05,40.620671,-73.990414,,72,18 Av (N),B,1179756,677764,1,N05,,N05
N06,20 Av,N06,40.61741,-73.985026,,74,20 Av (N),B,1142086,486218,1,N06,,N06
N07,Bay Pkwy,N07,40.611815,-73.981848,,109,Bay Pkwy (N),B,2071452,940309,1,N07,,N07
N08,Kings Hwy,N08,40.603923,-73.980353,,172,Kings Hwy (N),B,1371311,691832,1,N08,,N08
N09,Avenue U,N09,40.597473,-73.979137,,103,Avenue U (N),B,1019104,503937,1,N09,,N09
N10,86 St,N10,40.592721,-73.97823,,90,86 St (N),B,708542,365213,1,N10,,N10
Q01,Canal St,Q01,40.718383,-74.00046,,312,"Canal St (J,N,Q,R,W,Z,6)",M,15861864,4881373,4,LINK,LINK_312,LINK_312
Q03,72 St,Q03,40.768799,-73.958424,,291,72 St (Q),M,9528891,3752228,1,Q03,,Q03
Q04,86 St,Q04,40.777891,-73.951787,,299,86 St (Q),M,8378778,2913038,1,Q04,,Q04
Q05,96 St,Q05,40.784318,-73.947152,,303,96 St (Q),M,6154837,2353959,1,Q05,,Q05
R01,Astoria-Ditmars Blvd,R01,40.775036,-73.912034,,381,"Astoria-Ditmars Blvd (N,W)",Q,5277341,1996236,1,R01,,R01
R03,Astoria Blvd,R03,40.770258,-73.917843,,380,"Astoria Blvd (N,W)",Q,723354,1053976,1,R03,,R03
R04,30 Av,R04,40.766779,-73.921479,,357,"30 Av (N,W)",Q,5230182,1767179,1,R04,,R04
R05,Broadway,R05,40.76182,-73.925508,,392,"Broadway (N,W)",Q,3038655,1463280,1,R05,,R05
R06,36 Av,R06,40.756804,-73.929575,,359,"36 Av (N,W)",Q,1933812,845827,1,R06,,R06
R09,Queensboro Plaza,R09,40.750582,-73.940202,,414,"Queensboro Plaza (N,W,7)",Q,5018211,1790223,2,LINK,LINK_718,LINK_718
R08,39 Av-Dutch Kills,R08,40.752882,-73.932755,,361,"39 Av-Dutch Kills (N,W)",Q,761816,382607,1,R08,,R08
R11,Lexington Av/59 St,R11,40.76266,-73.967258,,331,"Lexington Av (N,R,W)/59 St (4,5,6)",M,16760813,6273480,2,LINK,LINK_629,LINK_629
R13,5 Av/59 St,R13,40.764811,-73.973347,,280,"5 Av-59 St (N,R,W)",M,4995128,1672584,1,R13,,R13
R14,57 St-7 Av,R14,40.764664,-73.980658,,284,"57 St-7 Av (N,Q,R,W)",M,11012550,3474824,1,R14,,R14
R15,49 St,R15,40.759901,-73.984139,,278,"49 St (N,R,W)",M,7410041,1985474,1,R15,,R15
R17,34 St-Herald Sq,R17,40.749567,-73.98795,,272,"34 St-Herald Sq (B,D,F,M,N,Q,R,W)",M,39385436,12826841,2,LINK,LINK_D17,LINK_D17
R16,Times Sq-42 St,R16,40.754672,-73.986754,,342,"Times Sq-42 St (N,Q,R,W,S,1,2,3,7)/42 St (A,C,E)",M,65020294,20341240,5,LINK,LINK_127,LINK_127
R18,28 St,R18,40.745494,-73.988691,,269,"28 St (R,W)",M,4018310,1197468,1,R18,,R18
R20,14 St-Union Sq,R20,40.735736,-73.990568,,244,"14 St-Union Sq (L,N,Q,R,W,4,5,6)",M,32385260,10830712,3,LINK,LINK_635,LINK_635
R19,23 St,R19,40.741303,-73.989344,,266,"23 St (R,W)",M,7085694,2020698,1,R19,,R19
R21,8 St-NYU,R21,40.730328,-73.992629,,294,"8 St-New York University (R,W)",M,5434212,1549451,1,R21,,R21
R22,Prince St,R22,40.724329,-73.997702,,335,"Prince St (R,W)",M,4342692,1218279,1,R22,,R22
R23,Canal St,R23,40.719527,-74.001775,,312,"Canal St (J,N,Q,R,W,Z,6)",M,15861864,4881373,4,LINK,LINK_312,LINK_312
R24,City Hall,R24,40.713282,-74.006978,,319,"City Hall (R,W)",M,1710380,536758,1,R24,,R24
R25,Cortlandt St,R25,40.710668,-74.011029,,317,"Chambers St (A,C)/WTC (E)/Park Pl (2,3)/Cortlandt (R,W)",M,20820549,5930847,4,LINK,LINK_317,LINK_317
R26,Rector St,R26,40.70722,-74.013342,,337,"Rector St (R,W)",M,2014996,594426,1,R26,,R26
R28,Court St,R28,40.6941,-73.991777,,136,"Court St (R)/Borough Hall (2,3,4,5)",B,10135722,3356706,3,LINK,LINK_232,LINK_232
R29,Jay St-MetroTech,R29,40.69218,-73.985942,,167,"Jay St-MetroTech (A,C,F,R)",B,12238047,4048255,2,LINK,LINK_A41,LINK_A41
R27,Whitehall St-South Ferry,R27,40.703087,-74.012994,,339,"South Ferry (1)/Whitehall St (R,W)",M,10272682,3065053,2,LINK,LINK_142,LINK_142
R31,Atlantic Av-Barclays Ctr,R31,40.683666,-73.97881,,95,"Atlantic Av-Barclays Ctr (B,D,N,Q,R,2,3,4,5)",B,13939794,5474265,3,LINK,LINK_235,LINK_235
R30,DeKalb Av,R30,40.690635,-73.981824,,140,"DeKalb Av (B,Q,R)",B,6708640,2419410,1,R30,,R30
R33,4 Av-9 St,R33,40.670847,-73.988302,,78,"4 Av (F,G)/9 St (R)",B,3924882,1531708,2,LINK,LINK_R33,LINK_F23
R32,Union St,R32,40.677316,-73.98311,,217,Union St (R),B,2271983,808042,1,R32,,R32
R34,Prospect Av,R34,40.665414,-73.992872,,205,Prospect Av (R),B,1780893,676624,1,R34,,R34
R35,25 St,R35,40.660397,-73.998091,,76,25 St (R),B,1153842,504579,1,R35,,R35
R36,36 St,R36,40.655144,-74.003549,,77,"36 St (D,N,R)",B,4254406,1924520,1,R36,,R36
R39,45 St,R39,40.648939,-74.010006,,79,45 St (R),B,2461410,1081234,1,R39,,R39
R40,53 St,R40,40.645069,-74.014034,,81,53 St (R),B,2797730,1368019,1,R40,,R40
R41,59 St,R41,40.641362,-74.017881,,83,"59 St (N,R)",B,3664480,1631566,1,R41,,R41
R42,Bay Ridge Av,R42,40.634967,-74.023377,,110,Bay Ridge Av (R),B,2354120,1023374,1,R42,,R42
R43,77 St,R43,40.629742,-74.02551,,87,77 St (R),B,1674582,700333,1,R43,,R43
R44,86 St,R44,40.622687,-74.028398,,91,86 St (R),B,3434888,1538353,1,R44,,R44
S01,Franklin Av,S01,40.680596,-73.955827,,152,"Franklin Av (2,3,4,5)/Botanic Garden (S)",B,4999385,1849090,3,LINK,LINK_239,LINK_239
R45,Bay Ridge-95 St,R45,40.616622,-74.030876,,111,Bay Ridge-95 St (R),B,1743441,740055,1,R45,,R45
S04,Botanic Garden,S04,40.670343,-73.959245,,152,"Franklin Av (2,3,4,5)/Botanic Garden (S)",B,4999385,1849090,3,LINK,LINK_239,LINK_239
S03,Park Pl,S03,40.674772,-73.957624,,201,Park Pl (S),B,519984,214950,1,S03,,S03
